{
"message0": "%1",
  "args0": [
    {
      "type":"field_dropdown",
      "name":"dim",
      "options": [
        [
          "Moon",
          "boss_tools:moon"
        ],
        [
          "Mars",
          "boss_tools:mars"
        ],
        [
          "Mercury",
          "boss_tools:mercury"
        ],
        [
          "Orbit Overworld",
          "boss_tools:orbit_overworld"
        ],
        [
          "Orbit Moon",
          "boss_tools:orbit_moon"
        ],
        [
          "Orbit Mars",
          "boss_tools:orbit_mars"
        ],
        [
          "Orbit Mercury",
          "boss_tools:orbit_mercury"
        ]
      ]
    }
  ],
"inputsInline": true,
"output": "DimensionType",
  "colour": 123,
"mcreator": {
   "toolbox_id": "bosstools",
   "fields": [
   "dim"
   ]
}
}