{
  "args0": [
    {
      "type": "input_value",
      "name": "name",
      "check": "String"
    },
    {
      "type": "input_value",
      "name": "value"
    },
    {
      "type": "field_input",
      "name": "var"
    }
  ],
  "inputsInline": true,
  "previousStatement": null,
  "nextStatement": null,
  "colour": 270,
  "mcreator": {
    "toolbox_id": "file_manager",
    "toolbox_init": [
    "<value name=\"name\"><block type=\"text\"><field name=\"TEXT\">name</field></block></value>"
    ],
    "fields": [
      "var"
    ],
    "inputs": [
      "name",
      "value"
    ]
  }
}