{
  "args0": [
    {
      "type": "field_input",
      "name": "var"
    },
    {
      "type": "input_statement",
      "name": "json"
    },
    {
      "type": "field_input",
      "name": "inside"
    }
  ],
  "inputsInline": true,
  "previousStatement": null,
  "nextStatement": null,
  "colour": 270,
  "mcreator": {
    "toolbox_id": "file_manager",
    "statements": [
      {
        "name": "json"
      }
    ],
    "fields": [
      "var",
      "inside"
    ]
  }
}