{
  "args0": [
    {
      "type": "input_value",
      "name": "file",
      "check": "File"
    },
    {
      "type": "input_value",
      "name": "name",
      "check": "String"
    },
    {
      "type": "input_value",
      "name": "location",
      "check": "String"
    },
    {
      "type": "field_checkbox",
      "name": "isDirectory",
      "checked": false
    }
  ],
  "inputsInline": true,
  "previousStatement": null,
  "nextStatement": null,
  "colour": 270,
  "mcreator": {
    "toolbox_id": "file_manager",
    "toolbox_init": [
      "<value name=\"name\"><block type=\"text\"><field name=\"TEXT\">name.extension</field></block></value>",
      "<value name=\"location\"><block type=\"text\"><field name=\"TEXT\">location</field></block></value>"
    ],
    "fields": [
	  "isDirectory"
    ],
    "inputs": [
      "file",
      "name",
      "location"
    ]
  }
}