{
  "args0": [
    {
      "type": "input_value",
      "name": "name",
      "check": "String"
    },
    {
      "type": "field_input",
      "name": "vars"
    }
  ],
  "output": "Boolean",
  "colour": "%{BKY_LOGIC_HUE}",
  "mcreator": {
    "toolbox_id": "file_manager",
    "toolbox_init": [
    "<value name=\"name\"><block type=\"text\"><field name=\"TEXT\">name</field></block></value>"
    ],
    "inputs": [
      "name"
    ],
    "fields": [
      "vars"
    ]
  }
}