{
  "args0": [
    {
      "type": "input_value",
      "name": "var",
      "check": "File"
    },
    {
      "type": "input_value",
      "name": "_placeholder",
      "check": "String"
    },
    {
      "type": "input_statement",
      "name": "foreach"
    }
  ],
  "inputsInline": true,
  "previousStatement": null,
  "nextStatement": null,
  "colour": 270,
  "mcreator": {
    "toolbox_id": "file_manager",
    "toolbox_init": [
      "<value name=\"_placeholder\"><block deletable=\"false\" movable=\"false\" enabled=\"false\" type=\"string_iterator\"></block></value>"
    ],
    "statements": [
      {
        "name": "foreach"
      }
    ],
    "inputs": [
      "var"
    ]
  }
}