{
  "args0": [
    {
      "type": "input_value",
      "name": "var",
      "check": "File"
    },
    {
      "type": "input_statement",
      "name": "values"
    },
    {
      "type": "field_input",
      "name": "jVar"
    }
  ],
  "inputsInline": true,
  "previousStatement": null,
  "nextStatement": null,
  "colour": 270,
  "mcreator": {
    "toolbox_id": "file_manager",
    "statements": [
      {
        "name": "values"
      }
    ],
    "fields": [
      "jVar"
    ],
    "inputs": [
      "var"
    ]
  }
}