{
  "args0": [
    {
      "type": "input_value",
      "name": "text",
      "check": "String"
    },
    {
      "type": "input_value",
      "name": "var",
      "check": "File"
    },
    {
      "type": "field_checkbox",
      "name": "newLine",
      "checked": false
    }
  ],
  "inputsInline": true,
  "previousStatement": null,
  "nextStatement": null,
  "colour": 270,
  "mcreator": {
    "toolbox_id": "file_manager",
    "toolbox_init": [
      "<value name=\"text\"><block type=\"text\"><field name=\"TEXT\">text</field></block></value>"
    ],
    "fields": [
      "newLine"
    ],
    "inputs": [
      "var",
      "text"
    ]
  }
}