{
  "args0": [
    {
      "type": "field_checkbox",
      "name": "insight",
      "checked": false
    },
    {
      "type": "field_checkbox",
      "name": "nearby",
      "checked": false
    }
  ],
  "extensions": [
    "entity_list_provider",
    "ai_condition_selector"
  ],
  "inputsInline": true,
  "previousStatement": null,
  "nextStatement": null,
  "colour": 200,
  "mcreator": {
    "toolbox_id": "combattasks",
    "fields": [
      "entity",
      "insight",
      "nearby",
      "condition"
    ]
  }
}