{
  "args0": [
    {
      "type": "field_number",
      "name": "speed",
      "value": 1.0
    },
    {
      "type": "input_value",
      "name": "block",
      "check": "MCItemBlock"
    },
    {
      "type": "field_number",
      "name": "y_max",
      "value": 3
    }
  ],
  "extensions": [
    "ai_condition_selector"
  ],
  "inputsInline": true,
  "previousStatement": null,
  "nextStatement": null,
  "colour": 250,
  "mcreator": {
    "toolbox_id": "othertasks",
    "toolbox_init": [
      "<value name=\"block\"><block type=\"mcitem_allblocks\"><field name=\"value\"></field></block></value>"
    ],
    "fields": [
      "condition",
      "speed",
      "y_max"
    ],
    "inputs": [
      "block"
    ]
  }
}