{
  "args0": [
    {
      "type": "field_number",
      "name": "speed",
      "value": 1.0
    },
    {
      "type": "input_value",
      "name": "item",
      "check": "MCItem"
    },
    {
      "type": "field_checkbox",
      "name": "scared",
      "checked": false
    }
  ],
  "extensions": [
    "ai_condition_selector"
  ],
  "inputsInline": true,
  "previousStatement": null,
  "nextStatement": null,
  "colour": 20,
  "mcreator": {
    "toolbox_id": "targettasks",
    "toolbox_init": [
      "<value name=\"item\"><block type=\"mcitem_all\"><field name=\"value\"></field></block></value>"
    ],
    "fields": [
      "speed",
      "scared",
      "condition"
    ],
    "inputs": [
      "item"
    ]
  }
}