{
  "dependencies_provided": [
    {
      "name": "entity",
      "type": "entity"
    },
    {
      "name": "sourceentity",
      "type": "entity"
    },
    {
      "name": "world",
      "type": "world"
    },
    {
      "name": "x",
      "type": "number"
    },
    {
      "name": "y",
      "type": "number"
    },
    {
      "name": "z",
      "type": "number"
    },
    {
      "name": "damagemodifier",
      "type": "number"
    },
    {
      "name": "isvanillacritical",
      "type": "boolean"
    }
  ],
  "has_result": "true"
}