{
"message0": "Are %1 eyes in water",
  "args0": [
    {
      "type":"input_value",
      "name":"entitycheck",
      "check":"Entity"
    }
  ],
"inputsInline": true,
"output": "Boolean",
  "colour": "%{BKY_LOGIC_HUE}",
"mcreator": {
   "toolbox_id": "flying",
  "toolbox_init": [
    "<value name=\"entitycheck\"><block type=\"entity_from_deps\"></block></value>"],
  "inputs": [
    "entitycheck"
  ],
   "dependencies": [
       {
           "type": "entity",
           "name": "entity"
       }
   ]
}
}