{
"message0": "If %1 %2 do %3",
  "args0": [
    {
      "type": "input_value",
      "name": "value"
    },
    {
      "type": "input_dummy"
    },
    {
      "type": "input_statement",
      "name": "do"
    }
  ],
  "inputsInline": true,
  "previousStatement": null,
  "nextStatement": null,
  "colour": 120,
  "mcreator": {
    "toolbox_id": "flying",
    "dependencies": [
      {
        "name": "world",
        "type": "world"
      }
    ],
    "inputs": [
      "value"
    ],
    "statements": [
      {
        "name": "do",
        "disable_local_variables": true
      }
    ]
  }
}