{
"message0": "Switch dimension of %1 spawnhigh: %2 to:",
  "args0": [
    {
      "type":"input_value",
      "name":"entity",
      "check":"Entity"
    },
    {
      "type":"input_value",
      "name":"blockhigspawndm",
      "check":"Number"
    }
  ],
  "extensions": [
    "dimension_list_provider"
  ],
"inputsInline": true,
"previousStatement": null,
"nextStatement": true,
"colour": 175,
"mcreator": {
   "toolbox_id": "flying",
   "toolbox_init": [
     "<value name=\"entity\"><block type=\"entity_from_deps\"></block></value>",
     "<value name=\"blockhigspawndm\"><block type=\"math_number\"><field name=\"NUM\">1</field></block></value>"   ],
   "inputs": [
     "blockhigspawndm",
     "entity"
   ],
    "fields": [
      "dimension"
    ],
   "dependencies": [
       {
           "type": "entity",
           "name": "entity"
       }
   ]
}
}