{
"message0": "Set rotation of %1 yaw: %2",
  "args0": [
    {
      "type":"input_value",
      "name":"entitycheck",
      "check":"Entity"
    },
    {
      "type":"input_value",
      "name":"walkspeed",
      "check":"Number"
    }
  ],
"inputsInline": true,
"previousStatement": null,
"nextStatement": true,
"colour": 175,
"mcreator": {
   "toolbox_id": "flying",
   "toolbox_init": [
     "<value name=\"entitycheck\"><block type=\"entity_from_deps\"></block></value>",
     "<value name=\"walkspeed\"><block type=\"math_number\"><field name=\"NUM\">1</field></block></value>"   ],
   "inputs": [
     "walkspeed",
     "entitycheck"
   ],
   "dependencies": [
       {
           "type": "entity",
           "name": "entity"
       }
   ]
}
}