{
"message0": "Stop %1 elytra flying",
  "args0": [
    {
      "type":"input_value",
      "name":"entitycheck",
      "check":"Entity"
    }
  ],
"inputsInline": true,
"previousStatement": null,
"nextStatement": true,
"colour": 175,
"mcreator": {
   "toolbox_id": "flying",
  "toolbox_init": [
    "<value name=\"entitycheck\"><block type=\"entity_from_deps\"></block></value>" ],
  "inputs": [
    "entitycheck"
  ],
   "dependencies": [
       {
           "type": "entity",
           "name": "entity"
       }
   ]
}
}