{
"message0": "Get Boolean NBT %1 ",
  "args0": [
    {
      "type":"input_value",
      "name":"string",
      "check":"String"
    }
  ],
"inputsInline": true,
"output": "string",
  "colour": "%{BKY_LOGIC_HUE}",
"mcreator": {
   "toolbox_id": "flying",
  "toolbox_init": [
    "<value name=\"string\"><block type=\"text\"><field name=\"TEXT\">tagname</field></block></value>"
],
  "inputs": [
    "string"
  ],
   "dependencies": [
       {
           "type": "entity",
           "name": "entity"
       }
   ]
}
}