{
"message0": "Spawn at x: %1 y: %2 z: %3 with yaw: %4  pitch: %5 vx: %6 vy: %7 vz: %8 (Set number NBT Name: %9 to: %10) entity: ",
  "args0": [
    {
      "type": "input_value",
      "name": "x",
      "check": "Number"
    },
    {
      "type": "input_value",
      "name": "y",
      "check": "Number"
    },
    {
      "type": "input_value",
      "name": "z",
      "check": "Number"
    },
    {
      "type": "input_value",
      "name": "yaw",
      "check": "Number"
    },
    {
      "type": "input_value",
      "name": "pitch",
      "check": "Number"
    },
    {
      "type": "input_value",
      "name": "vx",
      "check": "Number"
    },
    {
      "type": "input_value",
      "name": "vy",
      "check": "Number"
    },
    {
      "type": "input_value",
      "name": "vz",
      "check": "Number"
    },
    {
      "type": "input_value",
      "name": "nbtt",
      "check":"String"
    },
    {
      "type": "input_value",
      "name": "nbt",
      "check": "Number"
    }
  ],
  "extensions": [
    "entity_list_provider"
  ],
  "inputsInline": true,
  "previousStatement": null,
  "nextStatement": null,
  "colour": 35,
  "mcreator": {
   "toolbox_id": "flying",
    "toolbox_init": [
      "<value name=\"x\"><block type=\"coord_x\"></block></value>",
      "<value name=\"y\"><block type=\"coord_y\"></block></value>",
      "<value name=\"z\"><block type=\"coord_z\"></block></value>",
      "<value name=\"yaw\"><block type=\"math_number\"><field name=\"NUM\">0</field></block></value>",
      "<value name=\"pitch\"><block type=\"math_number\"><field name=\"NUM\">0</field></block></value>",
      "<value name=\"vx\"><block type=\"math_number\"><field name=\"NUM\">0</field></block></value>",
      "<value name=\"vy\"><block type=\"math_number\"><field name=\"NUM\">0</field></block></value>",
      "<value name=\"vz\"><block type=\"math_number\"><field name=\"NUM\">0</field></block></value>",
      "<value name=\"nbtt\"><block type=\"text\"><field name=\"TEXT\">tagname</field></block></value>",
      "<value name=\"nbt\"><block type=\"math_number\"><field name=\"NUM\">0</field></block></value>"
    ],
    "fields": [
      "entity"
    ],
    "inputs": [
      "x",
      "y",
      "z",
      "yaw",
      "pitch",
      "vx",
      "vy",
      "vz",
      "nbtt",
      "nbt"
    ],
    "dependencies": [
      {
        "name": "world",
        "type": "world"
      }
    ]
  }
}