{
  "args0": [
    {
      "type": "input_value",
      "name": "a",
      "check": "MCItem"
    },
    {
      "type": "input_value",
      "name": "b",
      "check": "String"
    }
  ],
  "inputsInline": true,
  "output": "Boolean",
  "colour": "%{BKY_LOGIC_HUE}",
  "mcreator": {
    "toolbox_init": [
      "<value name=\"b\"><block type=\"text\"><field name=\"TEXT\">minecraft:logs</field></block></value>",
      "<value name=\"a\"><block type=\"itemstack_to_mcitem\"></block></value>"
    ],
    "inputs": [
      "a",
      "b"
    ]
  }
}