{
  "args0": [
    {
      "type": "input_value",
      "name": "condition",
      "check": "Boolean"
    },
    {
      "type": "input_value",
      "name": "entity",
      "check": "Entity"
    }
  ],
  "previousStatement": null,
  "nextStatement": null,
  "colour": 175,
  "mcreator": {
    "toolbox_id": "playermanagement",
    "toolbox_init": [
      "<value name=\"condition\"><block type=\"logic_boolean\"><field name=\"BOOL\">TRUE</field></block></value>",
      "<value name=\"entity\"><block type=\"entity_from_deps\"></block></value>"
    ],
    "inputs": [
      "condition",
      "entity"
    ]
  }
}