{
  "args0": [
    {
      "type": "input_value",
      "name": "slotid",
      "check": "Number"
    },
    {
      "type": "input_value",
      "name": "entity",
      "check": "Entity"
    }
  ],
  "inputsInline": true,
  "output": "MCItem",
  "colour": 350,
  "mcreator": {
    "toolbox_id": "entitydata",
    "toolbox_init": [
      "<value name=\"slotid\"><block type=\"math_number\"><field name=\"NUM\">0</field></block></value>",
      "<value name=\"entity\"><block type=\"entity_from_deps\"></block></value>"
    ],
    "inputs": [
      "slotid",
      "entity"
    ]
  }
}