{
  "args0": [
    {
      "type": "input_value",
      "name": "tagName",
      "check": "String"
    },
    {
      "type": "input_value",
      "name": "entity",
      "check": "Entity"
    }
  ],
  "inputsInline": true,
  "output": "Boolean",
  "colour": "%{BKY_LOGIC_HUE}",
  "mcreator": {
    "toolbox_id": "entitydata",
    "toolbox_init": [
      "<value name=\"tagName\"><block type=\"text\"><field name=\"TEXT\">tagName</field></block></value>",
      "<value name=\"entity\"><block type=\"entity_from_deps\"></block></value>"
    ],
    "inputs": [
      "tagName",
      "entity"
    ],
    "warnings": [
      "no_side_sync"
    ]
  }
}