{
  "args0": [
    {
      "type": "input_value",
      "name": "amount",
      "check": "Number"
    },
    {
      "type": "input_value",
      "name": "slotid",
      "check": "Number"
    },
    {
      "type": "input_value",
      "name": "item",
      "check": "MCItem"
    },
    {
      "type": "input_value",
      "name": "entity",
      "check": "Entity"
    }
  ],
  "inputsInline": true,
  "previousStatement": null,
  "nextStatement": null,
  "colour": 110,
  "mcreator": {
    "toolbox_id": "guimanagement",
    "toolbox_init": [
      "<value name=\"item\"><block type=\"mcitem_all\"><field name=\"value\"></field></block></value>",
      "<value name=\"amount\"><block type=\"math_number\"><field name=\"NUM\">1</field></block></value>",
      "<value name=\"slotid\"><block type=\"math_number\"><field name=\"NUM\">0</field></block></value>",
      "<value name=\"entity\"><block type=\"entity_from_deps\"></block></value>"
    ],
    "inputs": [
      "slotid",
      "amount",
      "item",
      "entity"
    ]
  }
}