{
  "args0": [
    {
      "type": "input_value",
      "name": "displayname",
      "check": "String"
    },
    {
      "type": "input_value",
      "name": "item",
      "check": "MCItem"
    }
  ],
  "inputsInline": true,
  "previousStatement": null,
  "nextStatement": null,
  "colour": 350,
  "mcreator": {
    "toolbox_id": "itemmanagement",
    "toolbox_init": [
      "<value name=\"displayname\"><block type=\"text\"><field name=\"TEXT\">Display name</field></block></value>",
      "<value name=\"item\"><block type=\"itemstack_to_mcitem\"></block></value>"
    ],
    "inputs": [
      "displayname",
      "item"
    ]
  }
}