{
  "args0": [
    {
      "type": "input_value",
      "name": "slotid",
      "check": "Number"
    },
    {
      "type": "input_value",
      "name": "item",
      "check": "MCItem"
    }
  ],
  "inputsInline": true,
  "output": "MCItem",
  "colour": 350,
  "mcreator": {
    "toolbox_id": "itemmanagement",
    "toolbox_init": [
      "<value name=\"slotid\"><block type=\"math_number\"><field name=\"NUM\">0</field></block></value>",
      "<value name=\"item\"><block type=\"itemstack_to_mcitem\"></block></value>",
    ],
    "inputs": [
      "slotid",
      "item"
    ]
  }
}