{
  "args0": [
    {
      "type": "input_value",
      "name": "source",
      "check": "MCItem"
    },
    {
      "type": "field_image",
      "src": "./res/bi.png",
      "width": 8,
      "height": 36
    },
    {
      "type": "field_image",
      "src": "./res/b.png",
      "width": 8,
      "height": 36
    }
  ],
  "inputsInline": true,
  "output": "MCItemBlock",
  "colour": 60,
  "mcreator": {
    "toolbox_id": "blockactions",
    "toolbox_init": [
      "<value name=\"source\"><block type=\"mcitem_all\"><field name=\"value\"></field></block></value>"
    ],
    "inputs": [
      "source"
    ]
  }
}