{
  "args0": [
    {
      "type": "input_value",
      "name": "tagName",
      "check": "String"
    },
    {
      "type": "input_value",
      "name": "item",
      "check": "MCItem"
    }
  ],
  "inputsInline": true,
  "output": "Boolean",
  "colour": "%{BKY_LOGIC_HUE}",
  "mcreator": {
    "toolbox_id": "itemmanagement",
    "toolbox_init": [
      "<value name=\"item\"><block type=\"itemstack_to_mcitem\"></block></value>",
      "<value name=\"tagName\"><block type=\"text\"><field name=\"TEXT\">tagName</field></block></value>"
    ],
    "inputs": [
      "tagName",
      "item"
    ]
  }
}