{
  "message0": "Play repeating animation %2 as entity %1. Number of repeats %3",
  "args0": [
    {
      "type": "input_value",
      "name": "entity",
      "check": "Entity"
    },
	{
      "type": "input_value",
      "name": "animation",
      "check": "String"
    },
	{
      "type": "input_value",
      "name": "repeats",
      "check": "Number"
    }
  ],
  "inputsInline": true,
  "previousStatement": null,
  "nextStatement": null,
  "colour": 310,
  "mcreator": {
    "toolbox_id": "animationmanagement",
    "toolbox_init": [
      "<value name=\"entity\"><block type=\"entity_from_deps\"></block></value>",
	  "<value name=\"animation\"><block type=\"text\"><field name=\"TEXT\">animation.example.test</field></block></value>",
      "<value name=\"repeats\"><block type=\"math_number\"><field name=\"NUM\">3</field></block></value>"
    ],
    "inputs": [
      "entity",
      "animation",
      "repeats"
    ],
    "required_apis":[
      "geckolib"
    ]
  }
}