{
  "args0": [
    {
      "type": "field_dropdown",
      "name": "modelRenderer",
      "options": [
        [
          "bipedHead",
          "bipedHead"
        ],
        [
          "bipedBody",
          "bipedBody"
        ],
        [
          "bipedRightArm",
          "bipedRightArm"
        ],
        [
          "bipedLeftArm",
          "bipedLeftArm"
        ],
        [
          "bipedRightLeg",
          "bipedRightLeg"
        ],
        [
          "bipedLeftLeg",
          "bipedLeftLeg"
        ]
      ]
    },
    {
      "type": "field_dropdown",
      "name": "action",
      "options": [
        [
          "rotationPointX",
          "rotationPointX"
        ],
        [
          "rotationPointY",
          "rotationPointY"
        ],
        [
          "rotationPointZ",
          "rotationPointZ"
        ],
        [
          "rotateAngleX",
          "rotateAngleX"
        ],
        [
          "rotateAngleY",
          "rotateAngleY"
        ],
        [
          "rotateAngleZ",
          "rotateAngleZ"
        ]
      ]
    }
  ],
  "output": "Number",
  "colour": "%{BKY_MATH_HUE}",
  "mcreator": {
    "toolbox_id": "obfuscate",
    "fields": [
      "modelRenderer",
      "action"
    ],
    "dependencies": [
      {
        "name": "entity",
        "type": "entity"
      },
      {
        "name": "playerModel",
        "type": "playerModel"
      }
    ]
  }
}
